,Envios,Acordos,Percentual
F,318103,1010,0.31750722250340296
M,305415,880,0.28813254096884566
N,20871,78,0.3737243064539313
