,Ocorrências,Acordos,Percentual
F,3135,1010,32.21690590111643
M,3088,880,28.497409326424872
N,267,78,29.213483146067414
